{"records": {"Q1": {"phase_mk": 5.877717569, "beta_SE": 0.94, "ispec": 1, "alpha": 0.695, "amp": 0.019273, "ph": 0, "omega": 6.49585e-05, "constid": "Q1"}, "S2": {"phase_mk": 0.0, "beta_SE": 0.954, "ispec": 2, "alpha": 0.693, "amp": 0.112743, "ph": 0, "omega": 0.0001454441, "constid": "S2"}, "S6": {"phase_mk": 0.0, "beta_SE": 0.954, "ispec": 0, "alpha": 0.693, "amp": 0.0, "ph": 0, "omega": 0.0004363323, "constid": "S6"}, "M4": {"phase_mk": 3.463115091, "beta_SE": 0.954, "ispec": 0, "alpha": 0.693, "amp": 0.0, "ph": 0, "omega": 0.0002810377, "constid": "M4"}, "K1": {"phase_mk": 0.173003674, "beta_SE": 0.94, "ispec": 1, "alpha": 0.736, "amp": 0.141565, "ph": 0, "omega": 7.29212e-05, "constid": "K1"}, "Mf": {"phase_mk": 1.756042456, "beta_SE": 0.94, "ispec": 0, "alpha": 0.693, "amp": 0.042041, "ph": 0, "omega": 5.3234e-06, "constid": "Mf"}, "M1": {"phase_mk": 2.4365751, "beta_SE": 0.94, "ispec": 1, "alpha": 0.695, "amp": 0.007915, "ph": 0, "omega": 7.0282e-05, "constid": "M1"}, "M2": {"phase_mk": 1.731557546, "beta_SE": 0.954, "ispec": 2, "alpha": 0.693, "amp": 0.242334, "ph": 0, "omega": 0.0001405189, "constid": "M2"}, "M8": {"phase_mk": 6.926230184, "beta_SE": 0.954, "ispec": 0, "alpha": 0.693, "amp": 0.0, "ph": 0, "omega": 0.0005620755, "constid": "M8"}, "O1": {"phase_mk": 1.558553872, "beta_SE": 0.94, "ispec": 1, "alpha": 0.695, "amp": 0.100661, "ph": 0, "omega": 6.75977e-05, "constid": "O1"}, "Mn4": {"phase_mk": 1.499093481, "beta_SE": 0.954, "ispec": 0, "alpha": 0.693, "amp": 0.0, "ph": 0, "omega": 0.0002783984, "constid": "Mn4"}, "Nu2": {"phase_mk": 5.427136701, "beta_SE": 0.954, "ispec": 2, "alpha": 0.693, "amp": 0.008811, "ph": 0, "omega": 0.0001382329, "constid": "Nu2"}, "2sm2": {"phase_mk": 4.551627762, "beta_SE": 0.954, "ispec": 0, "alpha": 0.693, "amp": 0.0, "ph": 0, "omega": 0.0001503693, "constid": "2sm2"}, "2mk3": {"phase_mk": 3.809122439, "beta_SE": 0.954, "ispec": 0, "alpha": 0.693, "amp": 0.0, "ph": 0, "omega": 0.0002081166, "constid": "2mk3"}, "Ssa": {"phase_mk": 3.487600001, "beta_SE": 0.94, "ispec": 0, "alpha": 0.693, "amp": 0.019567, "ph": 0, "omega": 3.982e-07, "constid": "Ssa"}, "P1": {"phase_mk": 6.110181633, "beta_SE": 0.94, "ispec": 1, "alpha": 0.706, "amp": 0.046848, "ph": 0, "omega": 7.2523e-05, "constid": "P1"}, "Mu2": {"phase_mk": 3.463115091, "beta_SE": 0.954, "ispec": 2, "alpha": 0.693, "amp": 0.007408, "ph": 0, "omega": 0.0001355937, "constid": "Mu2"}, "Mm": {"phase_mk": 1.96402161, "beta_SE": 0.94, "ispec": 0, "alpha": 0.693, "amp": 0.022191, "ph": 0, "omega": 2.6392e-06, "constid": "Mm"}, "Ms4": {"phase_mk": 1.731557546, "beta_SE": 0.954, "ispec": 0, "alpha": 0.693, "amp": 0.0, "ph": 0, "omega": 0.000285963, "constid": "Ms4"}, "T2": {"phase_mk": 0.052841931, "beta_SE": 0.954, "ispec": 2, "alpha": 0.693, "amp": 0.006608, "ph": 0, "omega": 0.000145245, "constid": "T2"}, "L2": {"phase_mk": 0.553986502, "beta_SE": 0.954, "ispec": 2, "alpha": 0.693, "amp": 0.006931, "ph": 0, "omega": 0.0001431581, "constid": "L2"}, "2n2": {"phase_mk": 4.086699633, "beta_SE": 0.954, "ispec": 2, "alpha": 0.693, "amp": 0.006141, "ph": 0, "omega": 0.0001352405, "constid": "2n2"}, "N2": {"phase_mk": 6.050721243, "beta_SE": 0.954, "ispec": 2, "alpha": 0.693, "amp": 0.046397, "ph": 0, "omega": 0.0001378797, "constid": "N2"}, "K2": {"phase_mk": 3.487600001, "beta_SE": 0.954, "ispec": 2, "alpha": 0.693, "amp": 0.030684, "ph": 0, "omega": 0.0001458423, "constid": "K2"}, "Rho1": {"phase_mk": 5.254133027, "beta_SE": 0.94, "ispec": 1, "alpha": 0.695, "amp": 0.003661, "ph": 0, "omega": 6.53117e-05, "constid": "Rho1"}, "J1": {"phase_mk": 2.137025284, "beta_SE": 0.94, "ispec": 1, "alpha": 0.695, "amp": 0.007915, "ph": 0, "omega": 7.55604e-05, "constid": "J1"}, "M6": {"phase_mk": 5.194672637, "beta_SE": 0.954, "ispec": 0, "alpha": 0.693, "amp": 0.0, "ph": 0, "omega": 0.0004215566, "constid": "M6"}, "Oo1": {"phase_mk": 1.92904613, "beta_SE": 0.94, "ispec": 1, "alpha": 0.695, "amp": 0.004338, "ph": 0, "omega": 7.82446e-05, "constid": "Oo1"}, "Mk3": {"phase_mk": 1.90456122, "beta_SE": 0.954, "ispec": 0, "alpha": 0.693, "amp": 0.0, "ph": 0, "omega": 0.0002134402, "constid": "Mk3"}}, "descriptions": {"phase_mk": "some kind of phase correction, relative to Jan 1 1992 (48622mjd)", "beta_SE": "undefined", "ispec": "species, undefined", "amp": "amplitude of equilibrium tide in m", "alpha": "correction factor for first order load tides", "ph": "Currently set to zero ...   phases for each constituent are referred to the time when the phase of the forcing for that constituent is zero on the Greenich meridian.", "omega": "angular frequency of constituent, in radians/second"}}